162.634,12560
165.535,11886
168.435,11490
171.333,11067
174.228,10810.5
177.121,10677
180.011,10567
182.899,10835
185.786,11066.5
188.669,11593
191.551,11997.5
194.43,12973.5
197.307,13998
200.182,14977
203.055,16141
205.925,16908
208.793,17288
211.659,17180
214.523,16238
217.385,15042.5
220.244,13396.5
223.101,11895
225.956,10571
228.808,9636.5
231.659,9086
234.507,8397
237.353,8161
240.196,7707.5
243.038,7530
245.877,7403
248.714,7185
251.549,7046.5
254.382,7047.5
257.213,6870.5
260.041,7014.5
262.867,6635
265.691,6667
268.513,6696.5
271.333,6477
274.15,6625.5
276.965,6542
279.778,6608
282.589,6474.5
285.398,6609
288.205,6635
291.009,6532.5
293.811,6640.5
296.612,6679.5
299.409,6684.5
302.205,6822.5
304.999,6927
307.79,7243.5
310.58,7552.5
313.367,8363.5
316.152,9344
318.935,10447
321.716,11370
324.494,12190.5
327.271,12250.5
330.045,12114.5
332.818,11315
335.588,10300.5
338.356,9159
341.122,8280.5
343.885,7516
346.647,6875.5
349.407,6618.5
352.164,6438
354.919,6255.5
357.673,6322.5
360.424,6249
363.173,6423.5
365.92,6325.5
368.665,6663.5
371.407,6890.5
374.148,7236.5
376.886,8247.5
379.623,9809.5
382.357,11595
385.089,13259
387.82,13805.5
390.548,13586
393.274,12822.5
395.998,11316.5
398.72,9691.5
401.44,8344
404.157,7636.5
406.873,7171.5
409.587,6905.5
412.298,6711
415.008,6539
417.715,6238
420.42,5924
423.124,5796
425.825,5824
428.524,5843.5
431.221,5747.5
433.917,5617.5
436.61,5839.5
439.301,5776.5
441.99,5965.5
444.677,6171.5
447.362,6288.5
450.045,6734
452.726,7145
455.404,7823.5
458.081,8135.5
460.756,8610.5
463.429,8864.5
466.1,8558.5
468.769,8251.5
471.435,7768.5
474.1,7173
476.763,6621.5
479.424,6242
482.082,6076.5
484.739,5921.5
487.394,5751.5
490.046,6060
492.697,6366
495.346,6943.5
497.993,7263.5
500.637,7613.5
503.28,7647
505.921,7426
508.56,7136
511.197,6548.5
513.831,5982
516.464,5647
519.095,5454
521.724,5345.5
524.351,5316
526.976,5329.5
529.599,5258
532.22,5038.5
534.839,5099
537.456,5015.5
540.072,4942.5
542.685,4974
545.296,4977.5
547.905,5007.5
550.513,5003
553.118,5068
555.722,5187
558.323,5276.5
560.923,5349
563.52,5305
566.116,5196
568.71,5357
571.302,5273
573.892,5220
576.48,5341.5
579.066,5296.5
581.65,5432.5
584.232,5277
586.812,5399
589.391,5600
591.967,5838
594.542,6100.5
597.114,6352
599.685,6693
602.254,6846.5
604.821,7017
607.386,6901.5
609.949,6689.5
612.51,6496.5
615.07,6653.5
617.627,6803.5
620.182,7283
622.736,7651.5
625.288,7889
627.838,8020.5
630.386,7847.5
632.932,7505.5
635.476,7591
638.018,7769
640.559,8733.5
643.097,10230.5
645.634,11783.5
648.169,12812
650.702,13211.5
653.233,12866
655.762,11744.5
658.289,10296
660.815,8687.5
663.338,7304.5
665.86,6590
668.38,6205.5
670.898,6068
673.414,6175.5
675.929,6315.5
678.441,6337.5
680.952,6388
683.461,6311.5
685.968,6500
688.473,6610.5
690.976,6590.5
693.478,6518.5
695.977,6536.5
698.475,6694
700.971,6985
703.465,7547
705.957,7752
708.448,8211
710.937,8163.5
713.423,7934
715.908,7608.5
718.392,7175
720.873,6617
723.353,6320
725.83,6240.5
728.306,6087
730.78,6133
733.253,6057
735.723,6024.5
738.192,5881
740.659,5669
743.124,5632
745.587,5599.5
748.049,5314
750.509,5278
752.967,5120.5
755.423,5229.5
757.877,5081.5
760.33,4920
762.781,4889
765.23,4888.5
767.677,5003
770.122,4884
772.566,5066.5
775.008,5180
777.448,5093.5
779.886,5427
782.323,6018
784.758,6792.5
787.191,8419.5
789.622,10429
792.052,12125.5
794.48,13443.5
796.906,14081
799.33,13960
801.752,12851
804.173,11297.5
806.592,9833
809.009,8338
811.425,7288.5
813.839,6834
816.251,6640
818.661,6635
821.07,6867.5
823.477,7153.5
825.882,7574.5
828.285,8017
830.687,8126.5
833.086,8266.5
835.485,8092.5
837.881,7919.5
840.276,7823.5
842.669,8139
845.06,8997
847.45,11120
849.837,13841
852.223,16986.5
854.608,19000
856.991,20332.5
859.372,20071.5
861.751,18312
864.128,15564.5
866.504,12627.5
868.878,9775.5
871.251,7568.5
873.621,6256.5
875.991,5399
878.358,5088.5
880.724,4708.5
883.087,4606.5
885.45,4478.5
887.81,4341.5
890.169,4334.5
892.526,4273.5
894.882,4331.5
897.236,4202.5
899.588,4295
901.938,4151
904.287,4284.5
906.634,4240.5
908.98,4204
911.324,4168.5
913.666,4210
916.006,4173
918.345,4236
920.682,4186.5
923.017,4259
925.351,4315.5
927.683,4178
930.014,4174
932.343,4119
934.67,4148.5
936.995,4221.5
939.319,4262.5
941.641,4292.5
943.962,4422.5
946.281,4283.5
948.598,4217.5
950.913,4349
953.227,4368
955.54,4424
957.85,4532
960.159,5145.5
962.467,5574
964.773,5998
967.077,6342.5
969.379,6483
971.68,6246
973.979,5920
976.277,5365.5
978.573,4835
980.867,4567.5
983.16,4228
985.451,4138.5
987.741,4056.5
990.029,4151.5
992.315,4080
994.6,4306
996.883,4311
999.164,4428.5
1001.44,4438.5
1003.72,4682.5
1006,4746.5
1008.27,4863.5
1010.55,5059
1012.82,5282
1015.09,5254
1017.36,5190.5
1019.63,5093.5
1021.89,5002
1024.15,4863.5
1026.42,4935.5
1028.68,4600
1030.94,4603.5
1033.19,4603.5
1035.45,4504
1037.7,4566
1039.96,4320.5
1042.21,4353
1044.46,4252.5
1046.71,4297
1048.95,4249.5
1051.2,4159.5
1053.44,4035.5
1055.68,3882.5
1057.92,3851
1060.16,3828.5
1062.4,3838
1064.63,3782.5
1066.87,3731.5
1069.1,3841.5
1071.33,3738.5
1073.56,3885
1075.79,3778.5
1078.01,3795.5
1080.24,3823
1082.46,3794.5
1084.68,3856.5
1086.9,3929
1089.12,3957.5
1091.34,3961.5
1093.55,4235
1095.77,4576.5
1097.98,4886
1100.19,5464
1102.4,5572.5
1104.61,5687.5
1106.81,5590.5
1109.02,5406
1111.22,5070.5
1113.42,4897
1115.62,4609.5
1117.82,4402
1120.02,4335
1122.21,4212
1124.41,4304.5
1126.6,4336.5
1128.79,4179.5
1130.98,4167.5
1133.17,4029
1135.36,3960.5
1137.54,4047.5
1139.72,3902
1141.91,3899.5
1144.09,3852.5
1146.26,3996.5
1148.44,3980.5
1150.62,4141
1152.79,4146
1154.97,4495.5
1157.14,5322.5
1159.31,6597.5
1161.47,8300
1163.64,9655.5
1165.81,10447
1167.97,10920.5
1170.13,10572
1172.29,9304
1174.45,7979.5
1176.61,6659
1178.77,5516.5
1180.92,4676.5
1183.08,4268.5
1185.23,4159.5
1187.38,4042.5
1189.53,4012
1191.68,4050.5
1193.82,4134.5
1195.97,4118.5
1198.11,4174.5
1200.25,4208
1202.39,4351
1204.53,4485
1206.67,4786.5
1208.8,5074.5
1210.94,5380.5
1213.07,5826
1215.2,6279
1217.33,6852
1219.46,7326.5
1221.59,7932.5
1223.71,8895
1225.84,10156
1227.96,11807.5
1230.08,13608.5
1232.2,14927
1234.32,15944.5
1236.44,16094
1238.55,15506.5
1240.67,14195
1242.78,12391
1244.89,10766
1247,9668.5
1249.11,8929.5
1251.21,8580
1253.32,8382
1255.42,8221
1257.53,8005.5
1259.63,7698.5
1261.73,7204
1263.83,6997
1265.92,7098
1268.02,7473.5
1270.11,8209.5
1272.2,9180.5
1274.3,9806
1276.39,10115.5
1278.47,10051.5
1280.56,9496.5
1282.65,8693
1284.73,7646
1286.81,6633.5
1288.89,6166.5
1290.97,5560.5
1293.05,5383
1295.13,5163.5
1297.21,5075
1299.28,5069
1301.35,5272.5
1303.42,5362.5
1305.49,5842
1307.56,6220
1309.63,7119.5
1311.7,8530
1313.76,10618
1315.82,12984.5
1317.89,15610.5
1319.95,17718
1322.01,19142.5
1324.06,19546.5
1326.12,18823.5
1328.17,17329.5
1330.23,15394
1332.28,13377.5
1334.33,11482
1336.38,9833.5
1338.43,8672.5
1340.47,7729.5
1342.52,7036
1344.56,6677.5
1346.61,6609
1348.65,6422
1350.69,6465
1352.72,6693
1354.76,7086
1356.8,7414.5
1358.83,8192.5
1360.86,9047
1362.9,9967.5
1364.93,10747
1366.95,11491.5
1368.98,11937.5
1371.01,11977.5
1373.03,11623.5
1375.06,10882
1377.08,9874.5
1379.1,8903
1381.12,8092.5
1383.14,7272.5
1385.15,6554
1387.17,5993
1389.18,5735.5
1391.2,5373.5
1393.21,5182
1395.22,4956.5
1397.23,4971.5
1399.23,4906.5
1401.24,4660
1403.24,4617.5
1405.25,4667
1407.25,4550
1409.25,4541.5
1411.25,4582
1413.25,4571
1415.24,4648
1417.24,4544.5
1419.23,4647.5
1421.22,4615.5
1423.22,4800
1425.21,4683
1427.2,4873
1429.18,4908
1431.17,5005
1433.15,4993
1435.14,5080
1437.12,5199.5
1439.1,5242
1441.08,5329.5
1443.06,5212.5
1445.03,5180
1447.01,5228.5
1448.98,5088.5
1450.96,4853
1452.93,4703.5
1454.9,4533.5
1456.87,4436.5
1458.84,4285.5
1460.8,4115
1462.77,3977.5
1464.73,3920
1466.7,3883.5
1468.66,3801
1470.62,3809
1472.58,3746.5
1474.53,3641
1476.49,3532
1478.44,3510.5
1480.4,3557.5
1482.35,3454
1484.3,3383
1486.25,3419
1488.2,3555
1490.15,3514.5
1492.09,3541.5
1494.04,3570
1495.98,3580.5
1497.92,3780
1499.86,3893
1501.8,4073
1503.74,4185
1505.68,4349
1507.61,4481
1509.55,4579
1511.48,4516
1513.41,4376.5
1515.35,4287.5
1517.27,4124.5
1519.2,3939.5
1521.13,3819
1523.06,3715
1524.98,3541.5
1526.9,3440.5
1528.83,3408.5
1530.75,3397
1532.67,3396.5
1534.58,3391.5
1536.5,3434.5
1538.42,3631.5
1540.33,3759.5
1542.24,3913.5
1544.16,4209.5
1546.07,4726
1547.98,5200.5
1549.88,5928
1551.79,6738.5
1553.7,7386
1555.6,8000
1557.5,8368
1559.41,8659
1561.31,8518.5
1563.21,8211.5
1565.11,7711.5
1567,7015.5
1568.9,6392.5
1570.79,5902.5
1572.69,5336
1574.58,4861
1576.47,4506.5
1578.36,4308.5
1580.25,4133.5
1582.14,4063.5
1584.02,4097.5
1585.91,4062.5
1587.79,4225.5
1589.67,4553
1591.55,4805.5
1593.43,5308
1595.31,6139.5
1597.19,7072.5
1599.07,8492
1600.94,10159.5
1602.82,11766.5
1604.69,12950.5
1606.56,14067.5
1608.43,14828
1610.3,15164.5
1612.17,15243
1614.04,14769
1615.9,14040
1617.77,12883
1619.63,11505
1621.49,10138.5
1623.35,8726
1625.21,7643
1627.07,6769.5
1628.93,6310
1630.78,6172
1632.64,6365.5
1634.49,6736
1636.34,7630.5
1638.2,8557
1640.05,9741.5
1641.89,10801
1643.74,11526
1645.59,11919.5
1647.43,12087.5
1649.28,11556
1651.12,10903
1652.96,9992.5
1654.8,9057.5
1656.64,7948.5
1658.48,6940
1660.32,5958
1662.15,5138
1663.99,4586.5
1665.82,4108.5
1667.66,3652
1669.49,3408.5
1671.32,3260
1673.15,3049
1674.97,2913
1676.8,2850
1678.63,2758
1680.45,2724
1682.27,2638
1684.1,2446
1685.92,2469
1687.74,2464.5
1689.55,2354.5
1691.37,2432.5
1693.19,2408.5
1695,2307.5
1696.82,2296
1698.63,2265
1700.44,2298
1702.25,2240
1704.06,2275
1705.87,2300.5
1707.68,2158
1709.48,2199
1711.29,2233
1713.09,2170.5
1714.89,2250.5
1716.7,2217
1718.5,2079.5
1720.29,2244.5
1722.09,2108
1723.89,2174
1725.69,2026
1727.48,2087.5
1729.27,2079.5
1731.07,2152
1732.86,2083.5
1734.65,2105
1736.44,2055
1738.22,2013.5
1740.01,2038
1741.8,2067.5
1743.58,1911
1745.36,1865.5
1747.15,1989.5
1748.93,1935.5
1750.71,1961.5
1752.49,1868.5
1754.26,1977.5
1756.04,1964
1757.82,1904.5
1759.59,2001.5
1761.36,1868.5
1763.14,1936
1764.91,1880.5
1766.68,1853
1768.45,1794
1770.21,1868
1771.98,1794
1773.75,1836
1775.51,1855
1777.27,1829.5
1779.03,1842.5
1780.8,1818.5
1782.56,1795.5
1784.31,1783.5
1786.07,1777.5
1787.83,1765
1789.59,1794.5
1791.34,1767.5
1793.09,1752.5
1794.85,1741.5
1796.6,1779
1798.35,1748.5
1800.1,1727
1801.84,1715
1803.59,1724.5
1805.34,1720.5
1807.08,1758
1808.83,1688.5
1810.57,1766
1812.31,1726.5
1814.05,1766.5
1815.79,1713.5
1817.53,1684
1819.26,1803.5
1821,1733.5
1822.74,1735
1824.47,1716
1826.2,1764.5
1827.93,1739.5
1829.66,1760.5
1831.39,1718
1833.12,1694.5
1834.85,1681.5
1836.58,1697.5
1838.3,1694.5
1840.03,1669
1841.75,1788.5
1843.47,1630.5
1845.19,1732.5
1846.91,1732
1848.63,1669.5
1850.35,1649
1852.07,1669
1853.78,1638
1855.5,1654.5
1857.21,1654.5
1858.92,1617.5
1860.64,1603
1862.35,1650
1864.06,1606
1865.76,1540.5
1867.47,1633.5
1869.18,1626
1870.88,1601
1872.59,1638.5
1874.29,1525
1875.99,1535.5
1877.69,1457
1879.39,1525.5
1881.09,1517
1882.79,1560.5
1884.49,1483.5
1886.18,1557
1887.88,1476.5
1889.57,1472.5
1891.26,1498.5
1892.96,1482
1894.65,1481
1896.34,1489.5
1898.03,1509
1899.71,1455
1901.4,1444
1903.09,1438
1904.77,1448.5
1906.45,1451
1908.14,1373
1909.82,1402.5
1911.5,1382.5
1913.18,1393.5
1914.86,1363
1916.53,1347
1918.21,1322
1919.88,1346
1921.56,1389
1923.23,1344.5
1924.9,1318
1926.58,1338
1928.25,1349
1929.92,1295
1931.58,1292
1933.25,1325
1934.92,1262.5
1936.58,1296.5
1938.25,1272
1939.91,1318.5
1941.57,1256
1943.23,1242.5
1944.89,1268.5
1946.55,1281
1948.21,1292.5
1949.87,1288
1951.52,1314
1953.18,1270.5
1954.83,1362.5
1956.49,1264
1958.14,1299
1959.79,1315
1961.44,1209
1963.09,1202.5
1964.74,1203.5
1966.38,1230
1968.03,1287.5
1969.67,1297.5
1971.32,1253
1972.96,1230
1974.6,1219.5
1976.24,1238.5
1977.89,1152.5
1979.52,1202.5
1981.16,1206
1982.8,1222
1984.44,1192
1986.07,1287
1987.71,1209
1989.34,1237
1990.97,1156
1992.6,1233
1994.23,1143
1995.86,1138.5
1997.49,1182
1999.12,1181.5
2000.74,1165
2002.37,1191.5
2003.99,1136
2005.62,1123
2007.24,1129
2008.86,1141.5
2010.48,1074
2012.1,1156.5
2013.72,1082
2015.34,1174
2016.96,1070.5
2018.57,1144
2020.19,1196
2021.8,1093
2023.41,1109.5
2025.02,1070.5
2026.64,1072
2028.25,1091.5
2029.85,1104.5
2031.46,1086
2033.07,1127
2034.68,1046
2036.28,1102
2037.89,1018
2039.49,1070
2041.09,1043
2042.69,1047.5
2044.29,1092
2045.89,1071
2047.49,1000
2049.09,1076
2050.69,1052
2052.28,974.5
2053.88,1096
2055.47,1058
2057.06,1015
2058.65,1023
2060.25,993
2061.84,950.5
2063.42,1052
2065.01,1081
2066.6,1097.5
2068.19,1037
2069.77,1027
2071.36,979.5
2072.94,1021.5
2074.52,1004.5
2076.1,1046
2077.68,993.5
2079.26,1018
2080.84,957
2082.42,1011
2084,973
2085.57,1017.5
2087.15,988.5
2088.72,987.5
2090.3,985.5
2091.87,928.5
2093.44,994.5
2095.01,947
2096.58,978.5
2098.15,1028.5
2099.72,952
2101.28,984
2102.85,1012
2104.41,969
2105.98,921
2107.54,986.5
2109.1,891.5
2110.66,946
2112.22,945.5
2113.78,952
2115.34,903
2116.9,915
2118.46,916.5
2120.01,876.5
2121.57,947.5
2123.12,930.5
2124.67,949.5
2126.23,904
2127.78,913.5
2129.33,917
2130.88,940
2132.43,933
2133.97,928.5
2135.52,893.5
2137.07,861.5
2138.61,845.5
2140.16,907.5
2141.7,893.5
2143.24,883
2144.78,861.5
2146.32,923
2147.86,875
2149.4,870.5
2150.94,848
2152.48,809
2154.01,872
2155.55,850.5
2157.08,853
2158.61,794
2160.15,838.5
2161.68,802.5
2163.21,869.5
2164.74,791
2166.27,826
2167.8,872
2169.32,829
2170.85,868
2172.37,891
2173.9,830.5
2175.42,902
2176.94,876.5
2178.47,832
2179.99,837.5
2181.51,883
2183.03,775.5
2184.54,864
2186.06,858.5
2187.58,772.5
2189.09,784.5
2190.61,817
2192.12,784.5
2193.64,849.5
2195.15,770
2196.66,733.5
2198.17,785
2199.68,826.5
2201.19,768.5
2202.7,795
2204.2,745
2205.71,779
2207.21,801
2208.72,786.5
2210.22,766.5
2211.72,801
2213.23,737.5
2214.73,742
2216.23,815
2217.73,748.5
2219.23,732
2220.72,749.5
2222.22,717.5
2223.71,740.5
2225.21,757
2226.7,678
2228.2,774
2229.69,742
2231.18,744.5
2232.67,738.5
2234.16,719
2235.65,766
2237.14,758
2238.63,779.5
2240.11,736.5
2241.6,754
2243.08,736.5
2244.57,748
2246.05,801
2247.53,802.5
2249.01,747
2250.49,721
2251.97,713.5
2253.45,748.5
2254.93,652
2256.41,792.5
2257.88,722
2259.36,754
2260.83,661.5
2262.31,681.5
2263.78,670.5
2265.25,696
2266.72,674
2268.19,700
2269.66,607
2271.13,690.5
2272.6,682.5
2274.07,757
2275.53,650
2277,716
2278.46,662
2279.93,692
2281.39,702.5
2282.85,693.5
2284.31,658
2285.77,700
2287.23,701.5
2288.69,642.5
2290.15,648.5
2291.61,619
2293.06,703
2294.52,590.5
2295.97,665
2297.43,660.5
2298.88,626
2300.33,678.5
2301.78,675.5
2303.24,653
2304.69,673
2306.13,663
2307.58,611
2309.03,611
2310.48,663.5
2311.92,610
2313.37,655.5
2314.81,628.5
2316.25,647
2317.7,662
2319.14,626.5
2320.58,623
2322.02,697.5
2323.46,632.5
2324.9,652
2326.34,599
2327.77,611
2329.21,669
2330.64,663.5
2332.08,613
2333.51,649
2334.94,607
2336.38,611
2337.81,566.5
2339.24,686.5
2340.67,652.5
2342.1,661
2343.53,603
2344.95,658
2346.38,654.5
2347.81,625.5
2349.23,589.5
2350.65,661
2352.08,646.5
2353.5,569.5
2354.92,656.5
2356.34,663.5
2357.76,592.5
2359.18,617.5
2360.6,641
2362.02,584.5
2363.44,567
2364.85,665
2366.27,654
2367.68,610
2369.1,628.5
2370.51,671
2371.92,584.5
2373.33,575
2374.74,670
2376.15,605.5
2377.56,683.5
2378.97,570.5
2380.38,597
2381.79,598.5
2383.19,588.5
2384.6,604.5
2386,549.5
2387.41,639.5
2388.81,592
2390.21,638
2391.61,573.5
2393.01,573
2394.41,645
2395.81,664.5
2397.21,587
2398.61,580
2400.01,619.5
2401.4,659.5
2402.8,562.5
2404.19,574.5
2405.59,560
2406.98,640.5
2408.37,638
2409.76,646
2411.15,542.5
2412.54,575
2413.93,552
2415.32,577.5
2416.71,606
2418.1,593.5
2419.48,594
2420.87,554
2422.25,545
2423.64,611
2425.02,571.5
2426.4,611
2427.78,623
2429.16,593.5
2430.54,624.5
2431.92,588
2433.3,643.5
2434.68,633
2436.06,602
2437.43,631.5
2438.81,583
2440.18,593
2441.56,632.5
2442.93,666.5
2444.3,599
2445.68,561
2447.05,620.5
2448.42,557.5
2449.79,598.5
2451.16,610
2452.52,584
2453.89,671.5
2455.26,635.5
2456.62,604.5
2457.99,610
2459.35,603
2460.72,587.5
2462.08,624.5
2463.44,622
2464.81,607
2466.17,635
2467.53,645
2468.89,623
2470.24,629
2471.6,632.5
2472.96,628
2474.32,522
2475.67,600
2477.03,618
2478.38,622
2479.73,615
2481.09,668
2482.44,581.5
2483.79,600
2485.14,580
2486.49,537
2487.84,575
2489.19,604.5
2490.54,617.5
2491.88,537
2493.23,561.5
2494.57,558.5
2495.92,574.5
2497.26,592.5
2498.61,555
2499.95,566.5
2501.29,565.5
2502.63,530
2503.97,570.5
2505.31,591
2506.65,531.5
2507.99,548
2509.33,550.5
2510.66,531.5
2512,562
2513.34,595
2514.67,540
2516.01,539.5
2517.34,547.5
2518.67,511
2520,515
2521.33,522
2522.66,560
2523.99,607
2525.32,538.5
2526.65,476.5
2527.98,494
2529.31,437.5
2530.63,507.5
2531.96,562.5
2533.28,487
2534.61,507.5
2535.93,455
2537.25,531.5
2538.58,475.5
2539.9,577.5
2541.22,496.5
2542.54,573.5
2543.86,522
2545.18,571
2546.49,525
2547.81,483
2549.13,449.5
2550.44,510
2551.76,513
2553.07,506
2554.39,528
2555.7,518.5
2557.01,504
2558.32,521
2559.63,450
2560.94,471
2562.25,445.5
2563.56,472.5
2564.87,482
2566.18,504.5
2567.49,497
2568.79,514
2570.1,485
2571.4,506
2572.71,468.5
2574.01,495
2575.31,521
2576.61,520.5
2577.92,448
2579.22,488.5
2580.52,503.5
2581.81,494
2583.11,498.5
2584.41,507.5
2585.71,560
2587.01,525
2588.3,463
2589.6,558
2590.89,467
2592.18,451.5
2593.48,469.5
2594.77,379.5
2596.06,459
2597.35,519.5
2598.64,464.5
2599.93,413.5
2601.22,430.5
2602.51,446.5
2603.8,429.5
2605.09,533
2606.37,423
2607.66,458.5
2608.94,448
2610.23,465
2611.51,451
2612.8,449.5
2614.08,397.5
2615.36,455
2616.64,480.5
2617.92,460.5
2619.2,429
2620.48,418.5
2621.76,443
2623.04,451
2624.31,429.5
2625.59,421.5
2626.87,447
2628.14,401.5
2629.42,458
2630.69,436
2631.96,403.5
2633.23,459
2634.51,475
2635.78,441.5
2637.05,457.5
2638.32,408
2639.59,380
2640.86,470
2642.12,442.5
2643.39,436
2644.66,467
2645.92,375.5
2647.19,469.5
2648.45,455
2649.72,418.5
2650.98,450.5
2652.24,447
2653.51,397.5
2654.77,438
2656.03,422
2657.29,411
2658.55,378
2659.81,366.5
2661.07,475.5
2662.32,374
2663.58,413.5
2664.84,432
2666.09,413.5
2667.35,364.5
2668.6,377
2669.86,451
2671.11,410.5
2672.36,422
2673.61,397
2674.86,464.5
2676.11,395.5
2677.36,383.5
2678.61,356.5
2679.86,418.5
2681.11,434.5
2682.36,428
2683.6,420
2684.85,344.5
2686.1,382
2687.34,394.5
2688.59,372.5
2689.83,365
2691.07,381
2692.31,426.5
2693.56,393
2694.8,428
2696.04,418.5
2697.28,366.5
2698.52,393
2699.75,410
2700.99,393.5
2702.23,357
2703.47,421.5
2704.7,503.5
2705.94,355
2707.17,410.5
2708.41,372.5
2709.64,377.5
2710.87,477.5
2712.11,394
2713.34,365
2714.57,377
2715.8,351.5
2717.03,423
2718.26,405.5
2719.49,425
2720.71,377
2721.94,412
2723.17,328.5
2724.39,428.5
2725.62,486.5
2726.85,352.5
2728.07,415
2729.29,382.5
2730.52,427.5
2731.74,411.5
2732.96,437.5
2734.18,378.5
2735.4,414
2736.62,414.5
2737.84,411
2739.06,338
2740.28,354
2741.5,350
2742.71,397
2743.93,421.5
2745.15,429
2746.36,383.5
2747.57,400
2748.79,347
2750,354
2751.21,357
2752.43,385
2753.64,364.5
2754.85,395.5
2756.06,354
2757.27,322
2758.48,385
2759.69,367.5
2760.89,339.5
2762.1,339.5
2763.31,427
2764.52,389.5
2765.72,369
2766.93,352.5
2768.13,381
2769.33,341
2770.54,363
2771.74,378
2772.94,348.5
2774.14,339.5
2775.34,326
2776.54,342.5
2777.74,341
2778.94,346.5
2780.14,372.5
2781.34,347.5
2782.54,311
2783.73,384.5
2784.93,335
2786.12,381
2787.32,386.5
2788.51,339.5
2789.71,364.5
2790.9,332.5
2792.09,359.5
2793.28,293.5
2794.47,333
2795.67,320
2796.86,390
2798.05,317.5
2799.23,377
2800.42,311
2801.61,325.5
2802.8,401
2803.98,333
2805.17,436
2806.36,348.5
2807.54,328.5
2808.73,364
2809.91,349.5
2811.09,317.5
2812.27,362
2813.46,361
2814.64,374.5
2815.82,356.5
2817,310.5
2818.18,329.5
2819.36,300
2820.54,339.5
2821.71,322
2822.89,390
2824.07,357
2825.25,351
2826.42,284
2827.6,278
2828.77,352
2829.94,311
2831.12,322
2832.29,292
2833.46,374
2834.64,387
2835.81,347
2836.98,361.5
2838.15,342
2839.32,319.5
2840.49,341
2841.65,371.5
2842.82,324.5
2843.99,305.5
2845.16,368.5
2846.32,370
2847.49,308
2848.65,424
2849.82,378.5
2850.98,350
2852.14,303
2853.31,368.5
2854.47,401.5
2855.63,365
2856.79,317.5
2857.95,278.5
2859.11,322.5
2860.27,370
2861.43,363.5
2862.59,331
2863.75,389.5
2864.9,345
2866.06,332.5
2867.22,379.5
2868.37,323.5
2869.53,361
2870.68,322
2871.83,425.5
2872.99,369
2874.14,391.5
2875.29,335
2876.44,335
2877.59,364.5
2878.75,374
2879.9,367
2881.04,328.5
2882.19,395
2883.34,346
2884.49,389
2885.64,379.5
2886.78,371.5
2887.93,379.5
2889.08,373
2890.22,377
2891.37,373
2892.51,371.5
2893.65,401
2894.8,402
2895.94,473
2897.08,440.5
2898.22,401.5
2899.36,444.5
2900.5,417
2901.64,448
2902.78,453.5
2903.92,474
2905.06,372
2906.19,431
2907.33,475.5
2908.47,406
2909.6,414.5
2910.74,422.5
2911.87,441.5
2913.01,448
2914.14,463.5
2915.28,425.5
2916.41,488.5
2917.54,470
2918.67,431.5
2919.8,492.5
2920.93,478
2922.06,483.5
2923.19,502.5
2924.32,488.5
2925.45,507
2926.58,486
2927.71,492.5
2928.83,545
2929.96,572
2931.08,610
2932.21,622
2933.33,663
2934.46,709.5
2935.58,690.5
2936.71,695.5
2937.83,730
2938.95,775.5
2940.07,859.5
2941.19,823
2942.31,934.5
2943.43,913
2944.55,944
2945.67,945.5
2946.79,884
2947.91,923.5
2949.03,921
2950.14,895
2951.26,865.5
2952.38,773
2953.49,756.5
2954.61,689.5
2955.72,697
2956.83,624.5
2957.95,600.5
2959.06,608.5
2960.17,581
2961.28,544
2962.4,538.5
2963.51,480.5
2964.62,519.5
2965.73,439
2966.84,477
2967.94,399.5
2969.05,475.5
2970.16,455
2971.27,445.5
2972.37,369
2973.48,366
2974.59,398
2975.69,429.5
2976.79,319.5
2977.9,390.5
2979,390.5
2980.11,366.5
2981.21,385
2982.31,314.5
2983.41,348.5
2984.51,398.5
2985.61,380
2986.71,327
2987.81,378.5
2988.91,321.5
2990.01,380
2991.11,333.5
2992.21,360
2993.3,362
2994.4,320.5
2995.5,389.5
2996.59,373
2997.69,384
2998.78,351.5
2999.87,393
3000.97,366
3002.06,396
3003.15,390
3004.25,359.5
3005.34,397
3006.43,362.5
3007.52,358
3008.61,405.5
3009.7,346
3010.79,358
3011.88,338
3012.96,287.5
3014.05,318
3015.14,429.5
3016.23,318
3017.31,373.5
3018.4,369
3019.48,387
3020.57,337.5
3021.65,395.5
3022.74,336.5
3023.82,358
3024.9,289.5
3025.98,317.5
3027.06,347.5
3028.15,354
3029.23,370
3030.31,354
3031.39,323
3032.47,290.5
3033.54,301.5
3034.62,359
3035.7,307
3036.78,323.5
3037.86,397
3038.93,373
3040.01,339.5
3041.08,346
3042.16,322
3043.23,344
3044.31,341
3045.38,372.5
3046.45,340.5
3047.53,300
3048.6,307
3049.67,355.5
3050.74,297.5
3051.81,337.5
3052.88,342
3053.95,369.5
3055.02,344.5
3056.09,324.5
3057.16,324.5
3058.22,327.5
3059.29,373.5
3060.36,361.5
3061.42,326
3062.49,316
3063.56,405
3064.62,351.5
3065.69,453.5
3066.75,474
3067.81,394.5
3068.88,494
3069.94,476
3071,488
3072.06,486
3073.12,504.5
3074.18,451
3075.24,500.5
3076.3,558
3077.36,573.5
3078.42,507
3079.48,583
3080.54,489
3081.6,476.5
3082.65,575.5
3083.71,526.5
3084.77,611
3085.82,636.5
3086.88,608
3087.93,626
3088.98,655.5
3090.04,558.5
3091.09,584.5
3092.14,627
3093.2,505
3094.25,562.5
3095.3,550.5
3096.35,548.5
3097.4,523.5
3098.45,515.5
3099.5,536
3100.55,506
3101.6,502.5
3102.65,454
3103.69,449
3104.74,509.5
3105.79,410.5
3106.83,484
3107.88,420.5
3108.93,350
3109.97,406
3111.02,370
3112.06,345
3113.1,378
3114.15,325.5
3115.19,313.5
3116.23,288
3117.27,307.5
3118.31,290
3119.36,297.5
3120.4,296.5
3121.44,305
3122.48,367.5
3123.51,332.5
3124.55,296
3125.59,346
3126.63,386
3127.67,393
3128.7,327.5
3129.74,448
3130.78,416
3131.81,330
3132.85,372.5
3133.88,390.5
3134.92,334
3135.95,370
3136.98,358.5
3138.02,330
3139.05,283.5
3140.08,308
3141.11,294.5
3142.14,294
3143.17,333.5
3144.2,239
3145.23,229
3146.26,221
3147.29,222.5
3148.32,242
3149.35,265
3150.38,270.5
3151.4,191
3152.43,256
3153.46,255.5
3154.48,239.5
3155.51,237
3156.53,218.5
3157.56,192.5
3158.58,268.5
3159.6,190
3160.63,257.5
3161.65,199
3162.67,248.5
3163.69,201.5
3164.72,227.5
3165.74,212.5
3166.76,190.5
3167.78,249
3168.8,203.5
3169.82,226.5
3170.84,242.5
3171.85,227.5
3172.87,194
3173.89,319
3174.91,207
3175.92,227.5
3176.94,239.5
3177.96,295
3178.97,237
3179.99,233
3181,179
3182.02,284
3183.03,200.5
3184.04,261
3185.06,226
3186.07,219
3187.08,279
3188.09,241
3189.1,238.5
3190.11,238.5
3191.12,210
3192.13,227.5
3193.14,252
3194.15,258
3195.16,190
3196.17,222.5
3197.18,239.5
3198.18,227.5
3199.19,246
3200.2,218.5
3201.2,211.5
3202.21,250.5
3203.21,203
3204.22,239.5
3205.22,242.5
3206.23,237.5
3207.23,217.5
3208.23,246
3209.24,239.5
3210.24,199
3211.24,223.5
3212.24,244
3213.24,227.5
3214.25,230.5
3215.25,239.5
3216.25,239.5
3217.25,201
3218.24,201.5
3219.24,184
3220.24,191
3221.24,261
3222.24,217
3223.23,204.5
3224.23,168.5
3225.23,205.5
3226.22,175
3227.22,228.5
3228.21,222
3229.21,188.5
3230.2,208.5
3231.19,256.5
3232.19,178
3233.18,209.5
3234.17,162.5
3235.17,172.5
3236.16,234
3237.15,212.5
3238.14,179
3239.13,183
3240.12,177.5
3241.11,184.5
3242.1,187
3243.09,238.5
3244.08,208
3245.06,227.5
3246.05,204.5
3247.04,205
3248.03,138
3249.01,180.5
3250,185
3250.98,231.5
3251.97,236.5
3252.95,231.5
3253.94,222
3254.92,252.5
3255.91,191.5
3256.89,183
3257.87,184
3258.85,222.5
3259.84,184.5
3260.82,184.5
3261.8,281.5
3262.78,222
3263.76,211.5
3264.74,216.5
3265.72,192
3266.7,213
3267.68,191
3268.66,219
3269.64,171
3270.61,219.5
3271.59,231.5
3272.57,188.5
3273.54,178.5
3274.52,141.5
3275.5,234
3276.47,212.5
3277.45,190
3278.42,198
3279.4,265.5
3280.37,223
3281.34,193.5
3282.32,146.5
3283.29,216.5
3284.26,178.5
3285.23,170
3286.2,138
3287.17,235
3288.15,164.5
3289.12,210
3290.09,192.5
3291.05,178
3292.02,179
3292.99,189.5
3293.96,176.5
3294.93,181
3295.9,203
3296.86,136
3297.83,206
3298.8,216.5
3299.76,225
3300.73,189.5
3301.69,195.5
3302.66,137.5
3303.62,171
3304.59,209
3305.55,180.5
3306.52,190
3307.48,198.5
3308.44,140
3309.4,195.5
3310.37,265.5
3311.33,215
3312.29,137.5
3313.25,129
3314.21,233
3315.17,215.5
3316.13,180.5
3317.09,203
3318.05,212.5
3319.01,153.5
3319.96,169.5
3320.92,207
3321.88,138.5
3322.84,201
3323.79,110.5
3324.75,226.5
3325.7,147
3326.66,133.5
3327.61,179
3328.57,193.5
3329.52,137
3330.48,177.5
3331.43,236.5
3332.38,175
3333.34,183
3334.29,171.5
3335.24,161
3336.19,124
3337.15,157.5
3338.1,175
3339.05,125.5
3340,177.5
3340.95,157.5
3341.9,185
3342.85,97
3343.8,183
3344.74,162.5
3345.69,200.5
3346.64,154.5
3347.59,175
3348.53,171
3349.48,156.5
3350.43,185
3351.37,202
3352.32,161.5
3353.26,200.5
3354.21,180.5
3355.15,168.5
3356.1,149.5
3357.04,140
3357.98,168.5
3358.93,179.5
3359.87,204
3360.81,180
3361.75,112
3362.7,146.5
3363.64,153.5
3364.58,163
3365.52,172.5
3366.46,190
3367.4,167.5
3368.34,106
3369.28,175
3370.22,127.5
3371.15,211.5
3372.09,144
3373.03,113
3373.97,126
3374.9,140
3375.84,160
3376.78,157.5
3377.71,192.5
3378.65,168
3379.58,117
3380.52,110.5
3381.45,181.5
3382.39,134.5
3383.32,162
3384.25,177.5
3385.19,177.5
3386.12,167
3387.05,164
3387.98,173.5
3388.92,150.5
3389.85,187
3390.78,141.5
3391.71,169.5
3392.64,142.5
3393.57,214
3394.5,151
3395.43,142.5
3396.36,163
3397.28,186
3398.21,153.5
3399.14,149.5
3400.07,191.5
3401,113.5
3401.92,137.5
3402.85,160.5
3403.77,160.5
3404.7,63
3405.63,144
3406.55,128
3407.48,105
3408.4,153.5
3409.32,118.5
3410.25,130.5
3411.17,151
3412.09,107.5
3413.02,106
3413.94,168
3414.86,160.5
3415.78,143
3416.7,90
3417.63,127.5
3418.55,117
3419.47,127
3420.39,125
3421.31,160.5
3422.22,147
3423.14,98
3424.06,169.5
3424.98,137.5
3425.9,132
3426.82,100
3427.73,131.5
3428.65,127.5
3429.57,122.5
3430.48,153
3431.4,164.5
3432.31,142.5
3433.23,155.5
3434.14,136
3435.06,122.5
3435.97,137.5
3436.89,161.5
3437.8,117.5
3438.71,130.5
3439.63,121.5
3440.54,149.5
3441.45,132
3442.36,101
3443.27,98.5
3444.19,137
3445.1,103.5
3446.01,130.5
3446.92,118.5
3447.83,132
3448.74,127
